categories,count
Software Development,91
Data Analytics,74
Healthcare,72
Automation,36
Productivity,35
Customer Service,33
SaaS,29
Cloud Computing,26
Legal Tech,24
Biotech,20
Marketing,19
Education,19
AI Tools,19
Open Source,19
Chatbots,19
AI Solutions,17
NLP,17
BI,16
Finance,15
Dev Tools,15
Compliance,14
Cybersecurity,14
Fintech,14
Enterprise Software,14
Financial Services,13
Generative AI,12
Data Management,12
E-commerce,12
Medical Technology,11
Cloud Services,11
Sales,11
Data Privacy,10
Blockchain,10
Risk Management,10
Pharmaceuticals,10
